run,split,N,mass_ratio,Q_tag,Q_soft,Q_unsoft,amp_factor,old_metric,new_metric,old_fail,conv_residual,dt,h_over_tcrossE,h_over_tcrossU,max_n_sub,force_evals,min_sep,min_sep_over_eps,jump_share,n_snapshots
cluster_01000.h5,train,3,1,0.341711,0.341714,0.341711,0.829143,0.000134461,0.000111487,False,1.21561e-16,0.01,0.00999985,0.0132449,180,160239,0.0553503,27.6752,0.0609184,100
cluster_01001.h5,train,3,1,0.428307,0.428311,0.428307,0.785845,0.0280849,0.0220704,False,0,0.01,0.00999986,0.0143545,184,100860,0.015324,7.66199,0.413521,100
cluster_01002.h5,train,3,1,0.497675,0.497681,0.497675,0.75116,0.000245457,0.000184378,False,0,0.01,0.00999978,0.01536,143,108288,0.0235457,11.7728,0.135516,100
cluster_01003.h5,train,3,1,0.55626,0.556265,0.55626,0.721867,0.000528901,0.000381796,False,1.41987e-16,0.01,0.0099998,0.0163044,188,101079,0.0183809,9.19043,0.145219,100
cluster_01004.h5,train,3,1,0.662301,0.662326,0.662301,0.668837,0.000138117,9.23778e-05,False,0,0.01,0.00999915,0.0182803,97,132396,0.0331975,16.5988,0.0507942,100
cluster_01005.h5,train,3,1,1.11528,1.11531,1.11528,0.442343,4.16623e-05,1.8429e-05,False,0,0.01,0.00999906,0.0339876,115,150114,0.0919168,45.9584,0.0542035,100
cluster_01006.h5,train,3,1,1.20252,1.20256,1.20252,0.398718,5.71521e-05,2.27876e-05,False,0,0.01,0.00999874,0.0397143,90,113799,0.0491359,24.568,0.0685326,100
cluster_01007.h5,train,3,1,1.32029,1.32035,1.32029,0.339826,0.00413324,0.00140458,False,1.54381e-16,0.01,0.00999821,0.0504705,190,149388,0.0163346,8.1673,0.139323,100
cluster_01008.h5,train,3,1,1.38413,1.3842,1.38413,0.307898,0.0024092,0.000741787,False,1.46161e-16,0.01,0.00999751,0.058517,185,165684,0.00775296,3.87648,0.146605,100
cluster_01009.h5,train,3,1,1.4891,1.48924,1.4891,0.255382,3.04095e-05,7.76603e-06,False,0,0.01,0.00999452,0.0774422,47,184077,0.071711,35.8555,0.0302685,100
cluster_01010.h5,train,3,3,0.36443,0.364434,0.36443,0.817783,0.00261169,0.00213579,False,0,0.01,0.00999979,0.0135218,212,138306,0.0107158,5.35789,0.4478,100
cluster_01011.h5,train,3,3,0.39987,0.399875,0.39987,0.800062,0.00615154,0.00492161,False,0,0.01,0.00999975,0.0139734,229,133689,0.0144841,7.24203,0.80383,100
cluster_01012.h5,train,3,3,0.475189,0.475197,0.475189,0.762401,0.000499173,0.00038057,False,0,0.01,0.00999963,0.0150213,224,172890,0.0163399,8.16996,0.111816,100
cluster_01013.h5,train,3,3,0.61872,0.618728,0.61872,0.690636,0.000109212,7.54254e-05,False,0,0.01,0.0099997,0.0174226,207,158016,0.0630753,31.5377,0.0702428,100
cluster_01014.h5,train,3,3,0.6736,0.673611,0.6736,0.663195,0.00019869,0.00013177,False,2.05699e-16,0.01,0.00999964,0.018515,242,174819,0.0258376,12.9188,0.0906438,100
cluster_01015.h5,train,3,3,1.12243,1.12247,1.12243,0.438766,3.49729e-05,1.53449e-05,False,2.20799e-16,0.01,0.00999886,0.0344034,188,175827,0.0600941,30.047,0.0586485,100
cluster_01016.h5,train,3,3,1.19631,1.1964,1.19631,0.401801,5.00064e-05,2.00926e-05,False,1.68626e-16,0.01,0.00999736,0.0392526,126,141918,0.0503704,25.1852,0.107977,100
cluster_01017.h5,train,3,3,1.31001,1.31008,1.31001,0.344961,0.00182755,0.000630432,False,0,0.01,0.00999757,0.0493446,238,175698,0.0121122,6.05611,0.112553,100
cluster_01018.h5,train,3,3,1.39221,1.39231,1.39221,0.303847,0.000204778,6.22213e-05,False,0,0.01,0.00999656,0.0596853,145,282150,0.0269644,13.4822,0.102702,100
cluster_01019.h5,train,3,3,1.4919,1.49208,1.4919,0.253959,1.21887e-05,3.09545e-06,False,1.36819e-16,0.01,0.00999301,0.0780818,48,211398,0.0935489,46.7745,0.02187,100
cluster_01020.h5,train,3,7,0.377981,0.377994,0.377981,0.811003,0.00105996,0.000859634,False,1.26124e-16,0.01,0.00999937,0.0136911,271,255180,0.0193609,9.68046,0.123124,100
cluster_01021.h5,train,3,7,0.392315,0.392325,0.392315,0.803837,0.000364327,0.000292859,False,0,0.01,0.00999949,0.0138748,267,250134,0.0327175,16.3588,0.0949939,100
cluster_01022.h5,train,3,7,0.515927,0.515946,0.515927,0.742027,0.00396601,0.00294289,False,1.47366e-16,0.01,0.00999926,0.0156437,270,317886,0.00523451,2.61726,0.0844351,105
cluster_01023.h5,train,3,7,0.575779,0.575807,0.575779,0.712097,0.000341728,0.000243344,False,0,0.01,0.00999899,0.0166398,216,305604,0.0139444,6.9722,0.170175,100
cluster_01024.h5,train,3,7,0.621401,0.62142,0.621401,0.68929,0.000408284,0.000281426,False,0,0.01,0.00999932,0.017473,259,276354,0.0291717,14.5859,0.145337,100
cluster_01025.h5,train,3,7,1.12328,1.12337,1.12328,0.438314,0.000829095,0.000363403,False,1.49173e-16,0.01,0.00999723,0.034451,257,287457,0.010222,5.111,0.111807,100
cluster_01026.h5,train,3,7,1.2105,1.21066,1.2105,0.394668,0.00296638,0.00117074,False,0,0.01,0.00999485,0.0403114,265,499251,0.0103806,5.19028,0.0731028,100
cluster_01027.h5,train,3,7,1.28568,1.28583,1.28568,0.357084,6.14675e-05,2.19491e-05,False,0,0.01,0.00999513,0.0468417,260,262836,0.043493,21.7465,0.0952926,100
cluster_01028.h5,train,3,7,1.4154,1.41565,1.4154,0.292175,0.000330832,9.66608e-05,False,0,0.01,0.00999107,0.0632626,190,380121,0.0205417,10.2708,0.0540501,100
cluster_01029.h5,train,3,7,1.47621,1.4766,1.47621,0.261699,0.000260311,6.8123e-05,False,0,0.01,0.00998492,0.0745833,187,315006,0.0210753,10.5377,0.0825893,100
cluster_01030.h5,train,3,10,0.310916,0.310927,0.310916,0.844536,0.0430149,0.0363277,True,0,0.01,0.00999936,0.0128838,277,281991,0.00491851,2.45926,0.283755,103
cluster_01031.h5,train,3,10,0.407457,0.407474,0.407457,0.796263,0.0128301,0.0102161,False,0,0.01,0.00999918,0.0140728,262,310278,0.0380535,19.0267,0.66243,100
cluster_01032.h5,train,3,10,0.52496,0.524997,0.52496,0.737501,3.74014e-05,2.75836e-05,False,0,0.01,0.00999854,0.0157867,193,316779,0.0377319,18.8659,0.113603,100
cluster_01033.h5,train,3,10,0.55188,0.551911,0.55188,0.724045,0.00014142,0.000102394,False,0,0.01,0.00999883,0.0162294,238,322536,0.0221029,11.0514,0.0826269,100
cluster_01034.h5,train,3,10,0.624746,0.624793,0.624746,0.687603,0.00144086,0.00099074,False,2.18867e-16,0.01,0.00999835,0.0175356,252,740583,0.0128281,6.41403,0.0819096,100
cluster_01035.h5,train,3,10,1.12515,1.1253,1.12515,0.43735,0.000770766,0.000337095,False,0,0.01,0.00999552,0.0345591,272,337458,0.00295128,1.47564,0.116046,101
cluster_01036.h5,train,3,10,1.21361,1.21402,1.21361,0.392989,0.000564371,0.000221792,False,0,0.01,0.00998714,0.0405388,231,484047,0.0150025,7.50123,0.127199,100
cluster_01037.h5,train,3,10,1.32464,1.32492,1.32464,0.337539,0.00356334,0.00120277,False,0,0.01,0.00999061,0.0509455,278,510690,0.00642401,3.21201,0.0662021,100
cluster_01038.h5,train,3,10,1.34076,1.34116,1.34076,0.32942,0.133308,0.0439143,True,0,0.01,0.00998648,0.0528186,278,368214,0.000900971,0.450486,0.081472,108
cluster_01039.h5,train,3,10,1.45633,1.45697,1.45633,0.271517,0.000572729,0.000155506,False,1.74303e-16,0.01,0.0099758,0.0705102,231,649698,0.0167218,8.36088,0.0521887,100
cluster_01040.h5,train,4,1,0.344695,0.344697,0.344695,0.827652,0.00900736,0.00745495,False,0,0.01,0.0099999,0.0132808,171,133512,0.00241703,1.20852,0.326018,101
cluster_01041.h5,train,4,1,0.380231,0.380234,0.380231,0.809883,0.000231134,0.000187192,False,1.44798e-16,0.01,0.00999984,0.0137202,171,118803,0.0394313,19.7156,0.0797294,100
cluster_01042.h5,train,4,1,0.483821,0.483825,0.483821,0.758088,0.00233796,0.00177238,False,1.22344e-16,0.01,0.00999982,0.01515,176,238722,0.00872951,4.36476,0.103417,100
cluster_01043.h5,train,4,1,0.544304,0.544311,0.544304,0.727844,8.20345e-05,5.97083e-05,False,0,0.01,0.00999972,0.0161039,161,182319,0.0466007,23.3003,0.0813677,100
cluster_01044.h5,train,4,1,0.665414,0.665462,0.665414,0.667269,0.00626357,0.00417949,False,0,0.01,0.00999837,0.0183433,180,198828,0.00493834,2.46917,0.175037,105
cluster_01045.h5,train,4,1,1.17524,1.17528,1.17524,0.412361,0.0126389,0.00521179,False,0,0.01,0.00999896,0.0377606,182,305187,0.00322662,1.61331,0.438574,101
cluster_01046.h5,train,4,1,1.23794,1.23798,1.23794,0.38101,0.000680462,0.000259263,False,0,0.01,0.00999877,0.042515,182,174426,0.0187858,9.3929,0.125685,100
cluster_01047.h5,train,4,1,1.32851,1.32859,1.32851,0.335705,0.0417157,0.0140042,True,1.23872e-16,0.01,0.00999729,0.051398,183,271254,0.00300729,1.50365,0.160547,103
cluster_01048.h5,train,4,1,1.38355,1.38364,1.38355,0.308181,0.00904282,0.00278682,False,0,0.01,0.00999673,0.0584318,185,239841,0.00403169,2.01585,0.0923888,107
cluster_01049.h5,train,4,1,1.45037,1.45046,1.45037,0.274768,0.00353406,0.000971047,False,1.11653e-16,0.01,0.00999656,0.0694066,178,205074,0.0102224,5.1112,0.206171,100
cluster_01050.h5,train,4,3,0.348354,0.34836,0.348354,0.82582,6.16205e-05,5.08874e-05,False,0,0.01,0.0099997,0.0133247,144,240867,0.0418661,20.933,0.148339,100
cluster_01051.h5,train,4,3,0.438768,0.438772,0.438768,0.780614,0.000124915,9.75107e-05,False,1.38985e-16,0.01,0.00999984,0.014499,160,283029,0.0211497,10.5748,0.0810759,100
cluster_01052.h5,train,4,3,0.539073,0.539088,0.539073,0.730456,6.81806e-06,4.98029e-06,False,0,0.01,0.00999942,0.0160171,150,293796,0.0654301,32.715,0.022949,100
cluster_01053.h5,train,4,3,0.611379,0.611386,0.611379,0.694307,0.000194073,0.000134746,False,0,0.01,0.00999976,0.0172847,226,165960,0.016887,8.44348,0.190031,100
cluster_01054.h5,train,4,3,0.661571,0.661579,0.661571,0.66921,0.000107478,7.19257e-05,False,1.88424e-16,0.01,0.00999974,0.018266,214,205080,0.00546465,2.73232,0.116333,101
cluster_01055.h5,train,4,3,1.11666,1.1167,1.11666,0.441651,0.000175154,7.7357e-05,False,0,0.01,0.00999876,0.0340665,194,199398,0.0284651,14.2326,0.10411,100
cluster_01056.h5,train,4,3,1.20392,1.20396,1.20392,0.398022,6.45981e-05,2.57115e-05,False,2.6355e-16,0.01,0.00999874,0.0398184,190,202626,0.0417407,20.8703,0.130013,100
cluster_01057.h5,train,4,3,1.32684,1.32692,1.32684,0.336542,0.000788495,0.000265362,False,0,0.01,0.00999751,0.0512075,229,483180,0.0162732,8.13661,0.099329,100
cluster_01058.h5,train,4,3,1.35476,1.35483,1.35476,0.322584,0.0002288,7.38071e-05,False,1.83621e-16,0.01,0.00999755,0.0545669,157,187707,0.0250666,12.5333,0.253546,100
cluster_01059.h5,train,4,3,1.4347,1.43498,1.4347,0.282511,0.000153334,4.33185e-05,False,0,0.01,0.00998975,0.0665274,234,265098,0.036648,18.324,0.0935444,100
cluster_01060.h5,train,4,7,0.318802,0.318807,0.318802,0.840597,0.000202728,0.000170412,False,0,0.01,0.00999974,0.012975,239,447126,0.0280045,14.0022,0.0470038,100
cluster_01061.h5,train,4,7,0.432655,0.432662,0.432655,0.783669,0.00230103,0.00180325,False,1.2025e-16,0.01,0.00999969,0.0144141,261,276252,0.00410375,2.05188,0.361666,101
cluster_01062.h5,train,4,7,0.501338,0.501349,0.501338,0.749325,0.000708053,0.000530562,False,2.0435e-16,0.01,0.00999956,0.0154161,265,363693,0.0445,22.25,0.038859,100
cluster_01063.h5,train,4,7,0.605909,0.605928,0.605909,0.697036,0.00147587,0.00102873,False,0,0.01,0.00999931,0.0171825,264,300069,0.0188823,9.44113,0.317321,100
cluster_01064.h5,train,4,7,0.635173,0.635193,0.635173,0.682403,0.00241554,0.00164837,False,0,0.01,0.00999929,0.0177381,278,263325,0.00289496,1.44748,0.0961879,113
cluster_01065.h5,train,4,7,1.17844,1.17853,1.17844,0.410733,0.00188902,0.000775883,False,1.39738e-16,0.01,0.00999704,0.037978,265,410970,0.00583877,2.91939,0.081004,101
cluster_01066.h5,train,4,7,1.21143,1.21161,1.21143,0.394193,0.000742253,0.000292591,False,0,0.01,0.00999417,0.0403815,186,218295,0.0276479,13.8239,0.430371,100
cluster_01067.h5,train,4,7,1.29628,1.29641,1.29628,0.351796,0.0034516,0.00121426,False,1.78578e-16,0.01,0.00999567,0.0479044,270,446262,0.0035149,1.75745,0.190891,103
cluster_01068.h5,train,4,7,1.36194,1.3621,1.36194,0.31895,0.00935875,0.00298498,False,1.45288e-16,0.01,0.00999461,0.0554857,274,585222,0.00444797,2.22398,0.082518,118
cluster_01069.h5,train,4,7,1.44582,1.44619,1.44582,0.276905,0.00206831,0.000572725,False,0,0.01,0.00998621,0.0685337,253,553488,0.009064,4.532,0.084904,100
cluster_01070.h5,train,4,10,0.350193,0.350204,0.350193,0.824898,0.003608,0.00297623,False,1.45715e-16,0.01,0.00999944,0.0133467,277,319992,0.00255231,1.27615,0.137499,105
cluster_01071.h5,train,4,10,0.414509,0.414519,0.414509,0.79274,0.00453368,0.00359403,False,0,0.01,0.00999955,0.0141672,278,349623,0.00319319,1.5966,0.209137,102
cluster_01072.h5,train,4,10,0.466128,0.466141,0.466128,0.766929,9.79513e-05,7.51218e-05,False,0,0.01,0.00999946,0.0148882,229,279123,0.0196162,9.80809,0.161727,100
cluster_01073.h5,train,4,10,0.547889,0.547905,0.547889,0.726048,7.71881e-05,5.60423e-05,False,0,0.01,0.00999942,0.0161632,185,430056,0.0229797,11.4898,0.0921498,100
cluster_01074.h5,train,4,10,0.625318,0.625336,0.625318,0.687332,0.00150784,0.00103639,False,2.09227e-16,0.01,0.00999937,0.0175478,269,449694,0.00879426,4.39713,0.148368,100
cluster_01075.h5,train,4,10,1.15662,1.15675,1.15662,0.421626,0.000171482,7.23013e-05,False,0,0.01,0.00999607,0.0365122,198,388494,0.022963,11.4815,0.0582652,100
cluster_01076.h5,train,4,10,1.25268,1.25283,1.25268,0.373583,0.00653924,0.00244295,False,0,0.01,0.00999506,0.0437728,277,374817,0.00326011,1.63005,0.115492,109
cluster_01077.h5,train,4,10,1.2922,1.29238,1.2922,0.35381,0.000509965,0.000180431,False,1.50224e-16,0.01,0.00999419,0.047489,270,352947,0.0107233,5.36167,0.106876,100
cluster_01078.h5,train,4,10,1.38025,1.38052,1.38025,0.309739,0.233097,0.0721991,True,0,0.01,0.00999027,0.0579541,280,584784,0.00285943,1.42972,0.195154,102
cluster_01079.h5,train,4,10,1.43935,1.43974,1.43935,0.28013,0.000396249,0.000111001,False,1.22093e-16,0.01,0.00998554,0.0673492,273,753810,0.0234971,11.7486,0.153211,100
cluster_01080.h5,train,5,1,0.355899,0.355902,0.355899,0.822049,0.000174576,0.00014351,False,0,0.01,0.00999987,0.0134168,172,153066,0.0451928,22.5964,0.126017,100
cluster_01081.h5,train,5,1,0.450855,0.450859,0.450855,0.77457,0.00161704,0.00125251,False,0,0.01,0.00999985,0.014669,173,171021,0.004444,2.222,0.283048,102
cluster_01082.h5,train,5,1,0.534834,0.534838,0.534834,0.732581,0.000225229,0.000164999,False,0,0.01,0.00999985,0.0159481,170,218478,0.0179618,8.98092,0.100162,100
cluster_01083.h5,train,5,1,0.555453,0.555468,0.555453,0.722266,0.00837489,0.0060489,False,1.43392e-16,0.01,0.00999946,0.0162904,174,290817,0.00384723,1.92361,0.30994,102
cluster_01084.h5,train,5,1,0.696728,0.696735,0.696728,0.651633,0.000607044,0.00039557,False,0,0.01,0.00999977,0.0190102,164,198702,0.0126443,6.32214,0.106788,100
cluster_01085.h5,train,5,1,1.154,1.15403,1.154,0.422984,0.592482,0.25061,True,2.21504e-16,0.01,0.00999902,0.0363472,238,533271,0.000996312,0.498156,0.0325702,157
cluster_01086.h5,train,5,1,1.23926,1.23934,1.23926,0.380331,0.00750253,0.00285345,False,1.51985e-16,0.01,0.00999742,0.0426231,178,153609,0.00234895,1.17448,0.467242,101
cluster_01087.h5,train,5,1,1.29473,1.29476,1.29473,0.352618,0.000572471,0.000201863,False,1.34274e-16,0.01,0.00999869,0.0477515,170,148164,0.0211037,10.5518,0.10583,100
cluster_01088.h5,train,5,1,1.3896,1.38966,1.3896,0.305168,0.00387673,0.00118306,False,0,0.01,0.00999776,0.0593053,175,305319,0.00373791,1.86895,0.238825,101
cluster_01089.h5,train,5,1,1.46237,1.46261,1.46237,0.268696,0.00523832,0.00140751,False,0,0.01,0.00999098,0.0717326,183,488871,0.0045807,2.29035,0.209391,101
cluster_01090.h5,train,5,3,0.35279,0.352792,0.35279,0.823604,0.000582648,0.000479871,False,1.12968e-16,0.01,0.00999988,0.0133788,218,193527,0.0135619,6.78095,0.235903,100
cluster_01091.h5,train,5,3,0.443838,0.443861,0.443838,0.77807,0.00448559,0.0034901,False,0,0.01,0.00999901,0.014569,229,258375,0.00453939,2.2697,0.0752611,107
cluster_01092.h5,train,5,3,0.470581,0.470586,0.470581,0.764707,0.0082104,0.00627855,False,0,0.01,0.0099998,0.0149537,213,367308,0.00534116,2.67058,0.301553,102
cluster_01093.h5,train,5,3,0.609303,0.609319,0.609303,0.695341,0.0665755,0.0462927,True,0,0.01,0.00999946,0.0172457,220,227169,0.00586549,2.93274,0.109604,101
cluster_01094.h5,train,5,3,0.67658,0.676597,0.67658,0.661701,0.278379,0.184204,True,1.50679e-16,0.01,0.00999941,0.0185773,228,158145,0.00230528,1.15264,0.710235,102
cluster_01095.h5,train,5,3,1.12781,1.12784,1.12781,0.436082,0.000548036,0.000238988,False,1.13416e-16,0.01,0.00999906,0.0347222,210,215046,0.00663192,3.31596,0.272764,100
cluster_01096.h5,train,5,3,1.2132,1.21335,1.2132,0.393323,0.013131,0.00516474,False,1.67939e-16,0.01,0.00999507,0.0405192,213,264543,0.00526705,2.63353,0.345638,101
cluster_01097.h5,train,5,3,1.28205,1.28211,1.28205,0.358943,0.0128007,0.00459474,False,0,0.01,0.0099978,0.0464907,224,229206,0.00285449,1.42725,0.385376,102
cluster_01098.h5,train,5,3,1.37708,1.37718,1.37708,0.311411,0.0012776,0.00039786,False,1.36254e-16,0.01,0.00999646,0.0575234,221,157653,0.0428137,21.4069,0.566812,100
cluster_01099.h5,train,5,3,1.45524,1.45553,1.45524,0.272237,0.0146625,0.00399168,False,2.17292e-16,0.01,0.009989,0.0703238,235,448437,0.0036527,1.82635,0.0303877,118
cluster_01100.h5,train,5,7,0.308636,0.308664,0.308636,0.845668,0.0243378,0.0205817,False,0,0.01,0.00999837,0.0128567,263,330456,0.0039458,1.9729,0.115023,106
cluster_01101.h5,train,5,7,0.425359,0.425365,0.425359,0.787317,0.00235694,0.00185566,False,0,0.01,0.00999971,0.0143141,261,381036,0.00534406,2.67203,0.116594,101
cluster_01102.h5,train,5,7,0.477523,0.477536,0.477523,0.761232,0.0657845,0.0500772,True,1.38564e-16,0.01,0.00999947,0.0150557,262,245133,0.00193457,0.967284,0.300225,103
cluster_01103.h5,train,5,7,0.570668,0.570677,0.570668,0.714661,0.0425917,0.0304386,True,0,0.01,0.00999966,0.0165514,257,260046,0.00290691,1.45345,0.34198,102
cluster_01104.h5,train,5,7,0.684117,0.684133,0.684117,0.657934,0.00410839,0.00270305,False,1.60442e-16,0.01,0.00999949,0.0187372,256,363750,0.0198862,9.94309,0.717837,100
cluster_01105.h5,train,5,7,1.17264,1.17272,1.17264,0.413639,0.0014271,0.000590305,False,1.83668e-16,0.01,0.00999735,0.0375796,263,380193,0.00438826,2.19413,0.196607,102
cluster_01106.h5,train,5,7,1.20682,1.20694,1.20682,0.396528,0.0138486,0.00549137,False,1.5795e-16,0.01,0.00999604,0.0400329,267,574239,0.00184186,0.920928,0.0578873,110
cluster_01107.h5,train,5,7,1.27221,1.27233,1.27221,0.363836,6.89316e-05,2.50798e-05,False,0,0.01,0.00999626,0.0455491,219,225504,0.0285013,14.2507,0.0823672,100
cluster_01108.h5,train,5,7,1.39257,1.39273,1.39257,0.303634,0.00240333,0.000729734,False,1.48575e-16,0.01,0.0099942,0.0597341,251,223977,0.00384527,1.92263,0.259136,101
cluster_01109.h5,train,5,7,1.4401,1.44058,1.4401,0.279711,0.000158292,4.4276e-05,False,0,0.01,0.00998213,0.0674774,190,753486,0.022338,11.169,0.0318401,100
cluster_01110.h5,train,5,10,0.370848,0.370855,0.370848,0.814573,0.000169187,0.000137815,False,0,0.01,0.00999967,0.0136016,265,325950,0.0248673,12.4337,0.169741,100
cluster_01111.h5,train,5,10,0.393794,0.393802,0.393794,0.803099,0.000627048,0.000503582,False,2.15298e-16,0.01,0.00999961,0.0138941,244,263475,0.00407388,2.03694,0.311789,101
cluster_01112.h5,train,5,10,0.492798,0.492829,0.492798,0.753586,9.16942e-05,6.90994e-05,False,0,0.01,0.00999875,0.0152843,190,362820,0.0143898,7.19492,0.104414,100
cluster_01113.h5,train,5,10,0.577744,0.577756,0.577744,0.711122,0.0144697,0.0102897,False,0,0.01,0.00999956,0.016675,270,348636,0.00572556,2.86278,0.317773,101
cluster_01114.h5,train,5,10,0.630785,0.630822,0.630785,0.684589,0.00331509,0.00226947,False,0,0.01,0.00999872,0.0176522,273,390786,0.00437612,2.18806,0.170931,104
cluster_01115.h5,train,5,10,1.1438,1.14388,1.1438,0.42806,0.000189586,8.11542e-05,False,1.66997e-16,0.01,0.00999758,0.0356975,261,298545,0.00817269,4.08635,0.191433,100
cluster_01116.h5,train,5,10,1.19635,1.19645,1.19635,0.401775,0.000299714,0.000120417,False,1.12546e-16,0.01,0.00999683,0.0392544,246,314979,0.0182539,9.12695,0.124469,100
cluster_01117.h5,train,5,10,1.32224,1.32237,1.32224,0.338814,0.000140909,4.77421e-05,False,1.41935e-16,0.01,0.00999572,0.050684,192,429231,0.0219955,10.9977,0.208523,100
cluster_01118.h5,train,5,10,1.38372,1.38392,1.38372,0.308042,0.00681192,0.00209836,False,2.06677e-16,0.01,0.00999299,0.0584496,276,508416,0.00337968,1.68984,0.123524,111
cluster_01119.h5,train,5,10,1.47083,1.47106,1.47083,0.264471,0.00111436,0.000294716,False,1.8394e-16,0.01,0.00999108,0.073459,269,544413,0.00390908,1.95454,0.292425,101
cluster_01120.h5,train,7,1,0.305531,0.305533,0.305531,0.847234,0.00721134,0.00610969,False,0,0.01,0.00999988,0.012823,161,182199,0.00215806,1.07903,0.214112,105
cluster_01121.h5,train,7,1,0.456491,0.456497,0.456491,0.771752,0.0208371,0.0160811,False,0,0.01,0.00999974,0.0147493,173,377880,0.00189952,0.94976,0.0368915,138
cluster_01122.h5,train,7,1,0.475954,0.47596,0.475954,0.76202,0.00057381,0.000437255,False,1.23978e-16,0.01,0.00999978,0.0150328,154,443793,0.0192022,9.60108,0.0580119,100
cluster_01123.h5,train,7,1,0.562681,0.562685,0.562681,0.718658,0.0025539,0.00183538,False,0,0.01,0.00999986,0.0164139,153,138297,0.0135811,6.79057,0.527797,100
cluster_01124.h5,train,7,1,0.649029,0.649039,0.649029,0.675481,0.00286811,0.00193735,False,0,0.01,0.00999967,0.0180122,160,265050,0.00534965,2.67483,0.303902,101
cluster_01125.h5,train,7,1,1.13544,1.13547,1.13544,0.432267,0.0026047,0.00112593,False,0,0.01,0.00999927,0.0351836,165,247050,0.00360627,1.80314,0.0789853,113
cluster_01126.h5,train,7,1,1.21365,1.21369,1.21365,0.393153,0.0156551,0.00615487,False,1.40923e-16,0.01,0.00999858,0.0405597,172,191274,0.00442942,2.21471,0.440203,102
cluster_01127.h5,train,7,1,1.26393,1.26398,1.26393,0.36801,0.0111451,0.00410151,False,0,0.01,0.00999849,0.0447863,207,325029,0.00495667,2.47834,0.28896,103
cluster_01128.h5,train,7,1,1.37494,1.375,1.37494,0.312499,0.00799515,0.00249848,False,0,0.01,0.00999786,0.0572314,203,612078,0.00515959,2.5798,0.0843834,110
cluster_01129.h5,train,7,1,1.4337,1.43377,1.4337,0.283116,0.00355084,0.0010053,False,0,0.01,0.0099976,0.0663665,164,223956,0.0114706,5.73532,0.479466,100
cluster_01130.h5,train,7,3,0.328872,0.328875,0.328872,0.835562,0.0076826,0.0064193,False,0,0.01,0.0099998,0.0130925,222,266721,0.00261928,1.30964,0.301918,102
cluster_01131.h5,train,7,3,0.43437,0.434374,0.43437,0.782813,0.000202981,0.000158896,False,1.70583e-16,0.01,0.00999982,0.0144379,190,272886,0.0229059,11.4529,0.239745,100
cluster_01132.h5,train,7,3,0.514653,0.514667,0.514653,0.742666,0.00803566,0.00596782,False,1.4534e-16,0.01,0.00999942,0.0156237,222,334875,0.00306814,1.53407,0.0733302,118
cluster_01133.h5,train,7,3,0.546322,0.546327,0.546322,0.726837,0.000881157,0.000640457,False,1.69286e-16,0.01,0.00999982,0.0161375,218,416733,0.0136649,6.83244,0.0841767,100
cluster_01134.h5,train,7,3,0.62682,0.626826,0.62682,0.686587,0.0208593,0.0143217,False,0,0.01,0.0099998,0.0175771,210,227859,0.00100099,0.500495,0.104888,106
cluster_01135.h5,train,7,3,1.14484,1.14487,1.14484,0.427565,0.00502116,0.00214687,False,0,0.01,0.0099991,0.035765,224,299196,0.00128668,0.643339,0.199466,103
cluster_01136.h5,train,7,3,1.18978,1.18982,1.18978,0.405091,0.0892064,0.0361367,True,0,0.01,0.00999896,0.0387816,227,390525,0.00110446,0.552229,0.065822,118
cluster_01137.h5,train,7,3,1.32168,1.32175,1.32168,0.339126,0.000415745,0.00014099,False,1.92248e-16,0.01,0.00999783,0.0506248,208,354834,0.0176953,8.84763,0.122312,100
cluster_01138.h5,train,7,3,1.38025,1.38032,1.38025,0.309838,0.035841,0.0111049,True,1.56212e-16,0.01,0.00999741,0.0579677,242,873600,0.00182849,0.914246,0.022567,171
cluster_01139.h5,train,7,3,1.4672,1.46729,1.4672,0.266355,0.00652284,0.00173739,False,1.24808e-16,0.01,0.00999666,0.0727214,232,485139,0.00298256,1.49128,0.0949979,119
cluster_01140.h5,train,7,7,0.354332,0.354338,0.354332,0.822831,0.000118342,9.73752e-05,False,0,0.01,0.00999967,0.0133974,270,441195,0.023797,11.8985,0.106284,100
cluster_01141.h5,train,7,7,0.43314,0.433147,0.43314,0.783427,0.000723703,0.000566968,False,0,0.01,0.0099997,0.0144208,258,313308,0.00192865,0.964325,0.265474,101
cluster_01142.h5,train,7,7,0.520198,0.520204,0.520198,0.739898,0.00137422,0.00101678,False,0,0.01,0.00999973,0.015712,255,337800,0.00536529,2.68264,0.171039,101
cluster_01143.h5,train,7,7,0.586665,0.586673,0.586665,0.706663,0.0104498,0.0073845,False,2.34914e-16,0.01,0.00999971,0.0168333,253,417528,0.00420556,2.10278,0.478439,102
cluster_01144.h5,train,7,7,0.657566,0.657583,0.657566,0.671208,0.0160307,0.01076,False,1.6122e-16,0.01,0.0099994,0.0181839,249,624360,0.00201492,1.00746,0.0150636,233
cluster_01145.h5,train,7,7,1.14976,1.14981,1.14976,0.425093,0.000415254,0.000176522,False,1.53551e-16,0.01,0.00999845,0.036075,240,473769,0.0144907,7.24535,0.0616414,100
cluster_01146.h5,train,7,7,1.22697,1.22703,1.22697,0.386484,0.00346135,0.00133776,False,0,0.01,0.00999796,0.0416115,261,605868,0.00437265,2.18632,0.0511099,113
cluster_01147.h5,train,7,7,1.27028,1.27036,1.27028,0.364822,0.000589492,0.00021506,False,1.26035e-16,0.01,0.00999756,0.0453703,259,590436,0.0130729,6.53643,0.0737039,100
cluster_01148.h5,train,7,7,1.40503,1.40514,1.40503,0.297429,0.00123745,0.000368055,False,0,0.01,0.00999597,0.061624,250,309261,0.00591779,2.95889,0.15245,102
cluster_01149.h5,train,7,7,1.49285,1.49302,1.49285,0.253491,0.0300638,0.0076209,True,1.13814e-16,0.01,0.00999333,0.078301,309,540030,0.00147221,0.736104,0.0598788,108
cluster_01150.h5,train,7,10,0.330655,0.33066,0.330655,0.83467,0.00103233,0.000861656,False,1.25828e-16,0.01,0.00999976,0.0131135,260,366672,0.00486551,2.43275,0.316541,100
cluster_01151.h5,train,7,10,0.422421,0.422427,0.422421,0.788787,0.00359352,0.00283452,False,0,0.01,0.00999976,0.0142741,276,507237,0.00261588,1.30794,0.167117,105
cluster_01152.h5,train,7,10,0.513589,0.513597,0.513589,0.743202,0.00383453,0.00284983,False,0,0.01,0.00999968,0.0156072,268,352662,0.00331229,1.65614,0.0927645,107
cluster_01153.h5,train,7,10,0.5701,0.570114,0.5701,0.714943,0.00019096,0.000136526,False,1.98534e-16,0.01,0.0099995,0.0165414,258,362658,0.0145821,7.29106,0.114899,100
cluster_01154.h5,train,7,10,0.64982,0.649846,0.64982,0.675077,0.00962248,0.00649591,False,1.33524e-16,0.01,0.00999912,0.0180273,271,592428,0.0020927,1.04635,0.0293265,116
cluster_01155.h5,train,7,10,1.17052,1.17058,1.17052,0.414712,0.000562247,0.000233171,False,1.16246e-16,0.01,0.00999832,0.0374375,250,517797,0.00331617,1.65809,0.193516,100
cluster_01156.h5,train,7,10,1.23388,1.23398,1.23388,0.383012,0.0111726,0.00427925,False,2.0269e-16,0.01,0.00999704,0.0421749,263,381558,0.00395912,1.97956,0.331361,102
cluster_01157.h5,train,7,10,1.27186,1.27193,1.27186,0.364036,0.00302718,0.001102,False,0,0.01,0.00999779,0.0455185,310,1040982,0.0022113,1.10565,0.208318,101
cluster_01158.h5,train,7,10,1.38724,1.38741,1.38724,0.306297,0.00358284,0.00109741,False,1.97592e-16,0.01,0.009994,0.0589556,264,362268,0.00240254,1.20127,0.270933,103
cluster_01159.h5,train,7,10,1.46475,1.46496,1.46475,0.267519,0.000809368,0.000216521,False,2.50369e-16,0.01,0.00999177,0.0722123,246,646941,0.0113475,5.67373,0.0932146,100
cluster_01160.h5,train,8,1,0.344626,0.344629,0.344626,0.827686,0.0135214,0.0111915,False,0,0.01,0.00999986,0.0132799,240,417351,0.00181501,0.907504,0.0724295,156
cluster_01161.h5,train,8,1,0.444155,0.444159,0.444155,0.77792,0.0117622,0.00915005,False,0,0.01,0.00999984,0.0145744,162,327297,0.00257595,1.28797,0.114784,114
cluster_01162.h5,train,8,1,0.475743,0.475746,0.475743,0.762127,0.00581069,0.00442848,False,0,0.01,0.00999986,0.0150298,161,308409,0.00498203,2.49102,0.380753,102
cluster_01163.h5,train,8,1,0.617417,0.617433,0.617417,0.691284,0.0238303,0.0164735,False,2.10608e-16,0.01,0.00999945,0.0173977,158,221862,0.00283563,1.41781,0.22845,104
cluster_01164.h5,train,8,1,0.625527,0.625536,0.625527,0.687232,0.00451964,0.00310604,False,0,0.01,0.00999968,0.0175522,160,183927,0.00246888,1.23444,0.29812,104
cluster_01165.h5,train,8,1,1.1531,1.15313,1.1531,0.423436,0.0484295,0.0205068,True,1.69185e-16,0.01,0.00999909,0.0362893,202,499689,0.00101668,0.50834,0.0327892,157
cluster_01166.h5,train,8,1,1.21001,1.21007,1.21001,0.394967,0.00426767,0.00168559,False,1.28644e-16,0.01,0.00999825,0.0402793,200,290034,0.00418324,2.09162,0.114161,106
cluster_01167.h5,train,8,1,1.29293,1.29297,1.29293,0.353516,0.00984432,0.00348013,False,2.49233e-16,0.01,0.00999869,0.0475696,203,400020,0.00128928,0.64464,0.153578,112
cluster_01168.h5,train,8,1,1.39399,1.39407,1.39399,0.302966,0.0301458,0.00913316,True,0,0.01,0.00999709,0.0599492,166,250869,0.00184041,0.920207,0.060415,116
cluster_01169.h5,train,8,1,1.48965,1.48975,1.48965,0.255123,0.00524421,0.00133792,False,1.62073e-16,0.01,0.0099958,0.0775699,215,839124,0.00542402,2.71201,0.0619596,102
cluster_01170.h5,train,8,3,0.356885,0.356912,0.356885,0.821544,0.0521849,0.0428722,True,0,0.01,0.00999865,0.0134275,222,359472,0.00323766,1.61883,0.123193,114
cluster_01171.h5,train,8,3,0.397328,0.397331,0.397328,0.801335,0.0133696,0.0107135,False,1.61919e-16,0.01,0.00999989,0.0139404,225,599118,0.00360758,1.80379,0.0240845,140
cluster_01172.h5,train,8,3,0.481468,0.481472,0.481468,0.759264,0.00687988,0.00522365,False,1.66045e-16,0.01,0.00999983,0.0151148,294,506913,0.00310798,1.55399,0.363624,103
cluster_01173.h5,train,8,3,0.56813,0.568136,0.56813,0.715932,0.0126815,0.00907909,False,0,0.01,0.0099998,0.0165076,215,220191,0.000968182,0.484091,0.289942,102
cluster_01174.h5,train,8,3,0.689311,0.68932,0.689311,0.65534,0.00337216,0.00220991,False,0,0.01,0.00999969,0.0188489,219,367125,0.00323252,1.61626,0.0757114,106
cluster_01175.h5,train,8,3,1.14005,1.14011,1.14005,0.429944,0.81984,0.352485,True,0,0.01,0.00999812,0.0354651,243,429384,0.000572263,0.286131,0.0386707,149
cluster_01176.h5,train,8,3,1.23662,1.23667,1.23662,0.381667,0.00553979,0.00211435,False,2.05113e-16,0.01,0.0099987,0.0424049,224,433110,0.00263454,1.31727,0.0740211,114
cluster_01177.h5,train,8,3,1.28461,1.28467,1.28461,0.357664,0.00406744,0.00145478,False,0,0.01,0.00999807,0.0467416,214,268749,0.00248575,1.24288,0.134751,105
cluster_01178.h5,train,8,3,1.35141,1.35149,1.35141,0.324257,0.0411751,0.0133513,True,1.29929e-16,0.01,0.0099974,0.0541444,217,408003,0.00261561,1.30781,0.443112,105
cluster_01179.h5,train,8,3,1.44319,1.44337,1.44319,0.278317,0.0301225,0.00838359,True,2.06919e-16,0.01,0.00999337,0.0680618,223,427554,0.00113247,0.566237,0.196449,110
cluster_01180.h5,train,8,7,0.315239,0.315242,0.315239,0.842379,0.0016157,0.00136103,False,0,0.01,0.00999984,0.012934,254,375543,0.00322255,1.61128,0.149169,104
cluster_01181.h5,train,8,7,0.452406,0.452416,0.452406,0.773792,0.000319438,0.000247179,False,2.19315e-16,0.01,0.00999958,0.0146908,251,410085,0.0261349,13.0674,0.112485,100
cluster_01182.h5,train,8,7,0.505062,0.505068,0.505062,0.747466,0.00868042,0.00648831,False,1.33681e-16,0.01,0.00999976,0.015474,249,532596,0.00158607,0.793037,0.0509218,200
cluster_01183.h5,train,8,7,0.588936,0.588943,0.588936,0.705528,0.00170623,0.0012038,False,0,0.01,0.00999974,0.016874,249,262182,0.00566823,2.83411,0.325075,101
cluster_01184.h5,train,8,7,0.663528,0.663568,0.663528,0.668216,0.00964414,0.00644437,False,0,0.01,0.00999864,0.0183048,290,579096,0.00298575,1.49287,0.190018,117
cluster_01185.h5,train,8,7,1.12882,1.12887,1.12882,0.435563,0.000448092,0.000195172,False,0,0.01,0.0099983,0.0347816,246,314532,0.0249352,12.4676,0.238197,100
cluster_01186.h5,train,8,7,1.25365,1.25371,1.25365,0.373147,0.0016241,0.000606027,False,0,0.01,0.0099983,0.0438638,252,328218,0.00283581,1.41791,0.203364,106
cluster_01187.h5,train,8,7,1.29286,1.29296,1.29286,0.353519,0.0166437,0.00588386,False,0,0.01,0.00999657,0.0475589,308,1141914,0.00360167,1.80083,0.0657621,165
cluster_01188.h5,train,8,7,1.39878,1.39888,1.39878,0.30056,0.00705785,0.00212131,False,0,0.01,0.0099965,0.0606667,246,281532,0.00181673,0.908363,0.225036,102
cluster_01189.h5,train,8,7,1.47393,1.47405,1.47393,0.262976,0.0136148,0.00358037,False,1.21127e-16,0.01,0.00999553,0.0741192,251,312195,0.00229848,1.14924,0.262262,104
cluster_01190.h5,train,8,10,0.307902,0.307906,0.307902,0.846047,0.000309576,0.000261916,False,0,0.01,0.00999978,0.0128499,262,450132,0.0145923,7.29615,0.152025,100
cluster_01191.h5,train,8,10,0.397095,0.397112,0.397095,0.801444,0.00162319,0.0013009,False,0,0.01,0.00999921,0.0139366,300,583221,0.00398317,1.99159,0.116643,103
cluster_01192.h5,train,8,10,0.512834,0.512841,0.512834,0.743579,0.004855,0.00361008,False,1.20131e-16,0.01,0.00999974,0.0155954,257,344409,0.0119653,5.98264,0.59227,100
cluster_01193.h5,train,8,10,0.576619,0.576639,0.576619,0.71168,0.0499259,0.0355313,True,0,0.01,0.00999925,0.0166548,261,485982,0.00456159,2.28079,0.191429,104
cluster_01194.h5,train,8,10,0.63452,0.634548,0.63452,0.682726,0.00484888,0.00331046,False,0,0.01,0.00999904,0.0177251,275,617097,0.00486272,2.43136,0.435404,104
cluster_01195.h5,train,8,10,1.17324,1.1733,1.17324,0.413351,0.00311238,0.0012865,False,1.6855e-16,0.01,0.00999833,0.0376227,263,363345,0.00277032,1.38516,0.154527,105
cluster_01196.h5,train,8,10,1.19221,1.19226,1.19221,0.403871,0.000412479,0.000166588,False,0,0.01,0.00999834,0.0389551,229,731721,0.0147665,7.38323,0.0813584,100
cluster_01197.h5,train,8,10,1.2769,1.27697,1.2769,0.361517,0.00239168,0.000864633,False,0,0.01,0.00999781,0.0459952,267,457824,0.00296393,1.48196,0.0857573,109
cluster_01198.h5,train,8,10,1.37742,1.37754,1.37742,0.311232,0.00509578,0.00158597,False,0,0.01,0.00999597,0.0575703,270,691842,0.00693573,3.46787,0.435453,100
cluster_01199.h5,train,8,10,1.47864,1.47885,1.47864,0.260577,0.000205967,5.36703e-05,False,2.52515e-16,0.01,0.00999205,0.0751191,250,445776,0.0202898,10.1449,0.1414,100
cluster_01200.h5,N_interp,6,1,1.3,1.30004,1.3,0.349978,0.00013216,4.62532e-05,False,1.46504e-16,0.01,0.00999857,0.0482921,163,130746,0.0261845,13.0922,0.0969957,100
cluster_01201.h5,N_interp,6,1,1.3,1.30004,1.3,0.349978,0.0249954,0.00874785,False,1.98303e-16,0.01,0.00999855,0.0482921,167,227202,0.00572684,2.86342,0.600408,101
cluster_01202.h5,N_interp,6,1,1.3,1.30004,1.3,0.349981,0.00332045,0.00116209,False,1.86595e-16,0.01,0.00999872,0.0482924,176,548790,0.00312084,1.56042,0.170314,102
cluster_01203.h5,N_interp,6,1,1.3,1.30005,1.3,0.349973,0.00141922,0.000496688,False,2.18286e-16,0.01,0.00999819,0.0482915,161,356592,0.00840368,4.20184,0.205526,100
cluster_01204.h5,N_interp,6,1,1.3,1.30005,1.3,0.349974,0.00966513,0.00338254,False,0,0.01,0.00999827,0.0482916,166,220227,0.00194097,0.970486,0.389958,103
cluster_01205.h5,N_interp,6,1,1.3,1.30005,1.3,0.349977,0.00611472,0.00214001,False,2.02653e-16,0.01,0.00999849,0.048292,208,516090,0.00110682,0.553409,0.142617,101
cluster_01206.h5,N_interp,6,1,1.3,1.30006,1.3,0.349971,0.00966075,0.00338098,False,2.56541e-16,0.01,0.0099981,0.0482913,177,615906,0.00373139,1.86569,0.0802259,104
cluster_01207.h5,N_interp,6,1,1.3,1.30009,1.3,0.349956,0.00113585,0.000397499,False,0,0.01,0.00999713,0.0482897,174,331707,0.00980708,4.90354,0.110315,100
cluster_01208.h5,N_interp,6,1,1.3,1.30005,1.3,0.349975,0.000252203,8.82648e-05,False,1.53544e-16,0.01,0.00999836,0.0482918,158,165564,0.0124106,6.2053,0.0908523,100
cluster_01209.h5,N_interp,6,1,1.3,1.30004,1.3,0.349979,0.00905291,0.00316833,False,2.7376e-16,0.01,0.00999864,0.0482922,174,280953,0.00228017,1.14009,0.0414128,118
cluster_01210.h5,N_extrap,10,1,1.3,1.30008,1.3,0.349961,0.0123151,0.00430981,False,0,0.01,0.00999745,0.0482902,242,897489,0.00106505,0.532523,0.0941467,295
cluster_01211.h5,N_extrap,10,1,1.3,1.30004,1.3,0.349978,0.00106781,0.000373712,False,1.45059e-16,0.01,0.00999857,0.0482921,196,599799,0.0044993,2.24965,0.123198,103
cluster_01212.h5,N_extrap,10,1,1.3,1.30004,1.3,0.349978,0.0171011,0.00598503,False,0,0.01,0.00999856,0.0482921,217,591321,0.00300284,1.50142,0.0235895,200
cluster_01213.h5,N_extrap,10,1,1.3,1.30004,1.3,0.349979,0.00194367,0.000680243,False,0,0.01,0.00999861,0.0482922,166,183339,0.00425092,2.12546,0.200984,103
cluster_01214.h5,N_extrap,10,1,1.3,1.3001,1.3,0.349949,0.0314535,0.0110071,True,1.576e-16,0.01,0.00999662,0.0482888,225,531402,0.00281471,1.40736,0.0917104,168
cluster_01215.h5,N_extrap,10,1,1.3,1.30007,1.3,0.349965,0.0214235,0.00749747,False,1.15687e-16,0.01,0.00999768,0.0482906,238,684861,0.00140031,0.700155,0.0776243,233
cluster_01216.h5,N_extrap,10,1,1.3,1.30004,1.3,0.349979,0.00430983,0.00150835,False,1.4376e-16,0.01,0.00999861,0.0482922,199,733767,0.00182513,0.912563,0.134512,125
cluster_01217.h5,N_extrap,10,1,1.3,1.30004,1.3,0.349979,0.0106959,0.00374334,False,0,0.01,0.00999864,0.0482922,194,348372,0.00145632,0.728161,0.127351,132
cluster_01218.h5,N_extrap,10,1,1.3,1.30016,1.3,0.34992,0.00359159,0.00125677,False,1.72538e-16,0.01,0.00999475,0.0482857,202,538233,0.00167057,0.835285,0.0626328,116
cluster_01219.h5,N_extrap,10,1,1.3,1.30004,1.3,0.349978,0.021485,0.00751927,False,1.15352e-16,0.01,0.00999856,0.0482921,231,690774,0.00176246,0.881228,0.0248555,242
cluster_01220.h5,Q_interp,5,1,0.700409,0.700419,0.700409,0.649791,0.00186955,0.00121482,False,0,0.01,0.00999967,0.0190909,165,315549,0.00926991,4.63496,0.0725129,100
cluster_01221.h5,Q_interp,5,1,0.748946,0.748954,0.748946,0.625523,0.0132014,0.00825779,False,0,0.01,0.00999973,0.0202127,183,377985,0.00214441,1.07221,0.0431364,122
cluster_01222.h5,Q_interp,5,1,0.791022,0.791056,0.791022,0.604472,0.00345308,0.00208729,False,2.07772e-16,0.01,0.00999893,0.021276,173,248466,0.0036278,1.8139,0.334876,101
cluster_01223.h5,Q_interp,5,1,0.851268,0.851278,0.851268,0.574361,0.00102397,0.000588128,False,0,0.01,0.0099997,0.0229726,137,314421,0.0144243,7.21214,0.0580181,100
cluster_01224.h5,Q_interp,5,1,0.897704,0.897715,0.897704,0.551143,0.00528079,0.00291047,False,1.49007e-16,0.01,0.00999967,0.0244394,181,227733,0.0032549,1.62745,0.0992127,103
cluster_01225.h5,Q_interp,5,1,0.932935,0.932947,0.932935,0.533526,0.0114832,0.00612661,False,1.41573e-16,0.01,0.00999965,0.0256596,176,258654,0.00257717,1.28859,0.215917,106
cluster_01226.h5,Q_interp,5,1,0.958702,0.958726,0.958702,0.520637,0.000475802,0.00024772,False,0,0.01,0.00999928,0.0266174,172,223839,0.0167931,8.39653,0.0626059,100
cluster_01227.h5,Q_interp,5,1,0.991024,0.991039,0.991024,0.504481,0.000347944,0.000175531,False,0,0.01,0.00999955,0.027907,164,157665,0.0162198,8.10989,0.16743,100
cluster_01228.h5,Q_interp,5,1,1.03299,1.03302,1.03299,0.483492,0.000565361,0.000273347,False,0,0.01,0.0099993,0.0297431,137,233439,0.024435,12.2175,0.0369112,100
cluster_01229.h5,Q_interp,5,1,1.08484,1.08487,1.08484,0.457566,0.00454532,0.00207979,False,0,0.01,0.00999919,0.032306,173,251847,0.0022483,1.12415,0.383812,101
cluster_01230.h5,Q_extrap,5,1,1.6102,1.61039,1.6102,0.194804,0.00679561,0.00132381,False,1.638e-16,0.01,0.00999073,0.116199,174,192612,0.00365907,1.82953,0.245387,103
cluster_01231.h5,Q_extrap,5,1,1.63485,1.63504,1.63485,0.182482,0.0134532,0.00245496,False,3.53309e-16,0.01,0.0099908,0.128165,175,202743,0.011792,5.89598,0.370003,100
cluster_01232.h5,Q_extrap,5,1,1.64811,1.64921,1.64811,0.175397,0.115442,0.0202481,True,1.71347e-16,0.01,0.00994341,0.135364,214,875724,0.00137777,0.688886,0.0194732,193
cluster_01233.h5,Q_extrap,5,1,1.66256,1.66316,1.66256,0.168421,0.000405266,6.82553e-05,False,0,0.01,0.00996782,0.144213,141,280635,0.013068,6.53398,0.0850904,100
cluster_01234.h5,Q_extrap,5,1,1.69962,1.70022,1.69962,0.149889,0.1489,0.0223185,True,3.10903e-16,0.01,0.00996454,0.171712,226,851244,0.00211188,1.05594,0.0158163,200
cluster_01235.h5,Q_extrap,5,1,1.71577,1.7162,1.71577,0.141901,0.00328842,0.000466629,False,3.48522e-16,0.01,0.0099735,0.186583,200,307146,0.00432288,2.16144,0.33236,101
cluster_01236.h5,Q_extrap,5,1,1.73235,1.73305,1.73235,0.133473,0.0045294,0.000604552,False,1.7934e-16,0.01,0.00995428,0.204137,173,302400,0.0047065,2.35325,0.197438,101
cluster_01237.h5,Q_extrap,5,1,1.75355,1.75427,1.75355,0.122865,0.333425,0.0409662,True,3.38762e-16,0.01,0.00995021,0.231042,265,1245861,0.00210996,1.05498,0.0182285,280
cluster_01238.h5,Q_extrap,5,1,1.77831,1.77914,1.77831,0.110432,0.0320856,0.00354329,True,1.22395e-16,0.01,0.00993716,0.270781,198,449037,0.00341214,1.70607,0.0228644,137
cluster_01239.h5,Q_extrap,5,1,1.78209,1.78287,1.78209,0.108564,0.00848416,0.000921077,False,2.3542e-16,0.01,0.00993997,0.277878,175,681444,0.0143921,7.19605,0.669568,100
cluster_01240.h5,ratio_interp,5,5,1.3,1.30008,1.3,0.34996,0.000711238,0.000248905,False,0,0.01,0.00999735,0.04829,246,326697,0.0104174,5.20871,0.0868863,100
cluster_01241.h5,ratio_interp,5,5,1.3,1.30006,1.3,0.349968,0.00279565,0.000978386,False,0,0.01,0.00999786,0.0482909,243,226956,0.0036617,1.83085,0.404604,102
cluster_01242.h5,ratio_interp,5,5,1.3,1.30009,1.3,0.349954,0.000527445,0.000184582,False,1.46846e-16,0.01,0.00999699,0.0482894,158,312513,0.00843174,4.21587,0.0639723,100
cluster_01243.h5,ratio_interp,5,5,1.3,1.30009,1.3,0.349953,0.026159,0.00915442,False,1.89496e-16,0.01,0.00999688,0.0482893,258,465732,0.00225754,1.12877,0.185249,105
cluster_01244.h5,ratio_interp,5,5,1.3,1.30014,1.3,0.349929,0.000155218,5.43151e-05,False,1.24758e-16,0.01,0.00999531,0.0482866,227,382587,0.0347505,17.3752,0.0803579,100
cluster_01245.h5,ratio_interp,5,5,1.3,1.30015,1.3,0.349926,0.00393887,0.00137831,False,1.57323e-16,0.01,0.00999515,0.0482863,263,343038,0.00438573,2.19286,0.02917,135
cluster_01246.h5,ratio_interp,5,5,1.3,1.30008,1.3,0.349959,1.25124,0.437884,True,0,0.01,0.00999727,0.0482899,334,912333,0.00062501,0.312505,0.0353947,150
cluster_01247.h5,ratio_interp,5,5,1.3,1.30007,1.3,0.349965,0.144126,0.050439,True,1.3757e-16,0.01,0.00999766,0.0482906,262,569655,0.00129266,0.646329,0.0475973,122
cluster_01248.h5,ratio_interp,5,5,1.3,1.30014,1.3,0.34993,0.00195596,0.000684449,False,1.58405e-16,0.01,0.00999536,0.0482867,244,248382,0.00964954,4.82477,0.382907,100
cluster_01249.h5,ratio_interp,5,5,1.3,1.30006,1.3,0.349969,0.000716619,0.000250795,False,2.16153e-16,0.01,0.00999796,0.0482911,229,356226,0.0150363,7.51816,0.0652933,100
cluster_01250.h5,ratio_extrap,5,15,1.3,1.30023,1.3,0.349885,0.000391326,0.000136919,False,1.97964e-16,0.01,0.00999245,0.0482818,277,710793,0.0031132,1.5566,0.132166,102
cluster_01251.h5,ratio_extrap,5,15,1.3,1.30021,1.3,0.349896,0.00410434,0.0014361,False,0,0.01,0.00999316,0.048283,286,626403,0.00226911,1.13456,0.0574342,112
cluster_01252.h5,ratio_extrap,5,15,1.3,1.3003,1.3,0.349849,0.088098,0.0308209,True,1.12568e-16,0.01,0.00999002,0.0482777,285,492819,0.00321068,1.60534,0.281136,107
cluster_01253.h5,ratio_extrap,5,15,1.3,1.30023,1.3,0.349884,0.0137571,0.00481339,False,0,0.01,0.00999237,0.0482816,313,448635,0.00161238,0.806192,0.229076,103
cluster_01254.h5,ratio_extrap,5,15,1.3,1.30037,1.3,0.349816,0.00536172,0.00187561,False,1.1561e-16,0.01,0.00998785,0.048274,288,611541,0.00420771,2.10385,0.0793097,115
cluster_01255.h5,ratio_extrap,5,15,1.3,1.30027,1.3,0.349867,0.00762726,0.00266852,False,0,0.01,0.00999121,0.0482797,289,675711,0.00384179,1.9209,0.0511801,117
cluster_01256.h5,ratio_extrap,5,15,1.3,1.3002,1.3,0.349899,6.0122e-05,2.10366e-05,False,0,0.01,0.00999336,0.0482833,204,556317,0.0220529,11.0265,0.0693018,100
cluster_01257.h5,ratio_extrap,5,15,1.3,1.30023,1.3,0.349886,0.00197851,0.000692253,False,1.56619e-16,0.01,0.00999251,0.0482819,273,623052,0.0158729,7.93645,0.512591,100
cluster_01258.h5,ratio_extrap,5,15,1.3,1.3002,1.3,0.349898,0.0044034,0.00154074,False,0,0.01,0.00999329,0.0482832,294,733467,0.00246657,1.23328,0.0996041,112
cluster_01259.h5,ratio_extrap,5,15,1.3,1.30021,1.3,0.349894,0.0327568,0.0114614,True,1.51353e-16,0.01,0.00999298,0.0482827,363,587361,0.00135308,0.676538,0.0952152,105
